<?xml version="1.0" encoding="UTF-8"?>

<!-- 
 * converters.xml
 *
 * Copyright (C) 2017 Universidad de Sevilla
 * 
 * The use of this project is hereby constrained to the conditions of the 
 * TDG Licence, a copy of which you may download from 
 * http://www.tdg-seville.info/License.html
 -->

<beans xmlns="http://www.springframework.org/schema/beans"
	xmlns:xsi="http://www.w3.org/2001/XMLSchema-instance" xmlns:util="http://www.springframework.org/schema/util"
	xsi:schemaLocation="
		http://www.springframework.org/schema/beans http://www.springframework.org/schema/beans/spring-beans-4.0.xsd		
		http://www.springframework.org/schema/util http://www.springframework.org/schema/util/spring-util-4.0.xsd		
	">

	<util:list id="converters">
		<!-- 
			Add your own converters using entries of the following form: 
			<bean class="converters.Class1ToClass2" /> 
		-->
		
		<!-- User -->
		<bean class="converters.StringToUserConverter" />
		<bean class="converters.UserToStringConverter" />
		<!-- Customer -->
		<bean class="converters.StringToCustomerConverter" />
		<bean class="converters.CustomerToStringConverter" />
		<!-- Newspaper -->
		<bean class="converters.StringToNewspaperConverter" />
		<bean class="converters.NewspaperToStringConverter" />
		<!-- Article -->
		<bean class="converters.StringToArticleConverter" />
		<bean class="converters.ArticleToStringConverter" />
		<!-- FollowUp -->
		<bean class="converters.StringToFollowUpConverter" />
		<bean class="converters.FollowUpToStringConverter" />
	</util:list>
	
</beans>